index,timestamp,latitude,longitude,x_m,y_m,yaw,direction,mode,drive_level,curb_offset
0,0.000000000,0.0000000000,0.0000000000,0.000000,0.000000,0.000000000,1,NORMAL,1.00,1.500000
1,0.160000000,0.0000000000,0.0000000000,0.160000,0.000000,0.000000000,1,NORMAL,1.00,1.500000
2,0.320000000,0.0000000000,0.0000000000,0.320000,0.000000,0.000000000,1,NORMAL,1.00,1.500000
3,0.480000000,0.0000000000,0.0000000000,0.480000,0.000000,0.000000000,1,NORMAL,1.00,1.500000
4,0.640000000,0.0000000000,0.0000000000,0.640000,0.000000,0.000000000,1,NORMAL,1.00,1.500000
5,0.800000000,0.0000000000,0.0000000000,0.800000,0.000000,0.000000000,1,NORMAL,1.00,1.500000
6,0.960000000,0.0000000000,0.0000000000,0.960000,0.000000,0.000000000,1,NORMAL,1.00,1.500000
7,1.120000000,0.0000000000,0.0000000000,1.120000,0.000000,0.000000000,1,NORMAL,1.00,1.500000
8,1.280000000,0.0000000000,0.0000000000,1.280000,0.000000,0.000000000,1,NORMAL,1.00,1.500000
9,1.440000000,0.0000000000,0.0000000000,1.440000,0.000000,0.000000000,1,NORMAL,1.00,1.500000
10,1.600000000,0.0000000000,0.0000000000,1.600000,0.000000,0.000000000,1,NORMAL,1.00,1.500000
11,1.760000000,0.0000000000,0.0000000000,1.760000,0.000000,0.000000000,1,NORMAL,1.00,1.500000
12,1.920000000,0.0000000000,0.0000000000,1.920000,0.000000,0.000000000,1,NORMAL,1.00,1.500000
13,2.080000000,0.0000000000,0.0000000000,2.080000,0.000000,0.000000000,1,NORMAL,1.00,1.500000
14,2.240000000,0.0000000000,0.0000000000,2.240000,0.000000,0.000000000,1,NORMAL,1.00,1.500000
15,2.400000000,0.0000000000,0.0000000000,2.400000,0.000000,0.000000000,1,NORMAL,1.00,1.500000
16,2.560000000,0.0000000000,0.0000000000,2.560000,0.000000,0.000000000,1,NORMAL,1.00,1.500000
17,2.720000000,0.0000000000,0.0000000000,2.720000,0.000000,0.000000000,1,NORMAL,1.00,1.500000
18,2.880000000,0.0000000000,0.0000000000,2.880000,0.000000,0.000000000,1,NORMAL,1.00,1.500000
19,3.040000000,0.0000000000,0.0000000000,3.040000,0.000000,0.000000000,1,NORMAL,1.00,1.500000
20,3.200000000,0.0000000000,0.0000000000,3.200000,0.000000,0.000000000,1,NORMAL,1.00,1.500000
21,3.360000000,0.0000000000,0.0000000000,3.360000,0.000000,0.000000000,1,NORMAL,1.00,1.500000
22,3.520000000,0.0000000000,0.0000000000,3.520000,0.000000,0.000000000,1,NORMAL,1.00,1.500000
23,3.680000000,0.0000000000,0.0000000000,3.680000,0.000000,0.000000000,1,NORMAL,1.00,1.500000
24,3.840000000,0.0000000000,0.0000000000,3.840000,0.000000,0.000000000,1,NORMAL,1.00,1.500000
25,4.000000000,0.0000000000,0.0000000000,4.000000,0.000000,0.000000000,1,NORMAL,1.00,1.500000
26,4.160000000,0.0000000000,0.0000000000,4.160000,0.000000,0.000000000,1,NORMAL,1.00,1.500000
27,4.320000000,0.0000000000,0.0000000000,4.320000,0.000000,0.000000000,1,NORMAL,1.00,1.500000
28,4.480000000,0.0000000000,0.0000000000,4.480000,0.000000,0.000000000,1,NORMAL,1.00,1.500000
29,4.640000000,0.0000000000,0.0000000000,4.640000,0.000000,0.000000000,1,NORMAL,1.00,1.500000
30,4.800000000,0.0000000000,0.0000000000,4.800000,0.000000,0.000000000,1,NORMAL,1.00,1.500000
31,4.960000000,0.0000000000,0.0000000000,4.960000,0.000000,0.000000000,1,NORMAL,1.00,1.500000
32,5.120000000,0.0000000000,0.0000000000,5.120000,0.000000,0.000000000,1,NORMAL,1.00,1.500000
33,5.280000000,0.0000000000,0.0000000000,5.280000,0.000000,0.000000000,1,NORMAL,1.00,1.500000
34,5.440000000,0.0000000000,0.0000000000,5.440000,0.000000,0.000000000,1,NORMAL,1.00,1.500000
35,5.600000000,0.0000000000,0.0000000000,5.600000,0.000140,0.004166667,1,NORMAL,1.00,1.500000
36,5.760000000,0.0000000000,0.0000000000,5.759979,0.002443,0.028166667,1,NORMAL,1.00,1.500000
37,5.920000000,0.0000000000,0.0000000000,5.919788,0.010049,0.067500000,1,NORMAL,1.00,1.500000
38,6.080000000,0.0000000000,0.0000000000,6.079165,0.024030,0.107500000,1,NORMAL,1.00,1.500000
39,6.240000000,0.0000000000,0.0000000000,6.237856,0.044373,0.147500000,1,NORMAL,1.00,1.500000
40,6.400000000,0.0000000000,0.0000000000,6.395606,0.071046,0.187500000,1,NORMAL,1.00,1.500000
41,6.560000000,0.0000000000,0.0000000000,6.552163,0.104006,0.227500000,1,NORMAL,1.00,1.500000
42,6.720000000,0.0000000000,0.0000000000,6.707277,0.143201,0.267500000,1,NORMAL,1.00,1.500000
43,6.880000000,0.0000000000,0.0000000000,6.860700,0.188566,0.307500000,1,NORMAL,1.00,1.500000
44,7.040000000,0.0000000000,0.0000000000,7.012185,0.240031,0.347500000,1,NORMAL,1.00,1.500000
45,7.200000000,0.0000000000,0.0000000000,7.161492,0.297513,0.387500000,1,NORMAL,1.00,1.500000
46,7.360000000,0.0000000000,0.0000000000,7.308380,0.360919,0.427500000,1,NORMAL,1.00,1.500000
47,7.520000000,0.0000000000,0.0000000000,7.452616,0.430148,0.467500000,1,NORMAL,1.00,1.500000
48,7.680000000,0.0000000000,0.0000000000,7.593967,0.505090,0.507500000,1,NORMAL,1.00,1.500000
49,7.840000000,0.0000000000,0.0000000000,7.732209,0.585625,0.547500000,1,NORMAL,1.00,1.500000
50,8.000000000,0.0000000000,0.0000000000,7.867120,0.671623,0.587500000,1,NORMAL,1.00,1.500000
51,8.160000000,0.0000000000,0.0000000000,7.998483,0.762948,0.627500000,1,NORMAL,1.00,1.500000
52,8.320000000,0.0000000000,0.0000000000,8.126090,0.859452,0.667500000,1,NORMAL,1.00,1.500000
53,8.480000000,0.0000000000,0.0000000000,8.249735,0.960983,0.707500000,1,NORMAL,1.00,1.500000
54,8.640000000,0.0000000000,0.0000000000,8.369221,1.067376,0.747500000,1,NORMAL,1.00,1.500000
55,8.800000000,0.0000000000,0.0000000000,8.484357,1.178463,0.787500000,1,NORMAL,1.00,1.500000
56,8.960000000,0.0000000000,0.0000000000,8.594959,1.294065,0.827500000,1,NORMAL,1.00,1.500000
57,9.120000000,0.0000000000,0.0000000000,8.700849,1.413997,0.867500000,1,NORMAL,1.00,1.500000
58,9.280000000,0.0000000000,0.0000000000,8.801859,1.538068,0.907500000,1,NORMAL,1.00,1.500000
59,9.440000000,0.0000000000,0.0000000000,8.897826,1.666079,0.947500000,1,NORMAL,1.00,1.500000
60,9.600000000,0.0000000000,0.0000000000,8.988598,1.797826,0.987500000,1,NORMAL,1.00,1.500000
61,9.760000000,0.0000000000,0.0000000000,9.074028,1.933097,1.027500000,1,NORMAL,1.00,1.500000
62,9.920000000,0.0000000000,0.0000000000,9.153981,2.071676,1.067500000,1,NORMAL,1.00,1.500000
63,10.080000000,0.0000000000,0.0000000000,9.228328,2.213341,1.107500000,1,NORMAL,1.00,1.500000
64,10.240000000,0.0000000000,0.0000000000,9.296951,2.357866,1.147500000,1,NORMAL,1.00,1.500000
65,10.400000000,0.0000000000,0.0000000000,9.359739,2.505020,1.187500000,1,NORMAL,1.00,1.500000
66,10.560000000,0.0000000000,0.0000000000,9.416592,2.654567,1.227500000,1,NORMAL,1.00,1.500000
67,10.720000000,0.0000000000,0.0000000000,9.467420,2.806267,1.267500000,1,NORMAL,1.00,1.500000
68,10.880000000,0.0000000000,0.0000000000,9.512140,2.959879,1.307500000,1,NORMAL,1.00,1.500000
69,11.040000000,0.0000000000,0.0000000000,9.550682,3.115157,1.347500000,1,NORMAL,1.00,1.500000
70,11.200000000,0.0000000000,0.0000000000,9.582984,3.271851,1.387500000,1,NORMAL,1.00,1.500000
71,11.360000000,0.0000000000,0.0000000000,9.608993,3.429712,1.427500000,1,NORMAL,1.00,1.500000
72,11.520000000,0.0000000000,0.0000000000,9.628670,3.588487,1.467500000,1,NORMAL,1.00,1.500000
73,11.680000000,0.0000000000,0.0000000000,9.641981,3.747921,1.507500000,1,NORMAL,1.00,1.500000
74,11.840000000,0.0000000000,0.0000000000,9.648905,3.907761,1.547500000,1,NORMAL,1.00,1.500000
75,12.000000000,0.0000000000,0.0000000000,9.649433,4.067749,1.587500000,1,NORMAL,1.00,1.500000
76,12.160000000,0.0000000000,0.0000000000,9.643562,4.227631,1.627500000,1,NORMAL,1.00,1.500000
77,12.320000000,0.0000000000,0.0000000000,9.631302,4.387149,1.667500000,1,NORMAL,1.00,1.509522
78,12.480000000,0.0000000000,0.0000000000,9.612673,4.546050,1.707500000,1,NORMAL,1.00,1.525522
79,12.640000000,0.0000000000,0.0000000000,9.587705,4.704079,1.747500000,1,NORMAL,1.00,1.541522
80,12.800000000,0.0000000000,0.0000000000,9.556437,4.860983,1.787500000,1,NORMAL,1.00,1.557522
81,12.960000000,0.0000000000,0.0000000000,9.518920,5.016511,1.827500000,1,NORMAL,1.00,1.573522
82,13.120000000,0.0000000000,0.0000000000,9.475213,5.170415,1.867500000,1,NORMAL,1.00,1.589522
83,13.280000000,0.0000000000,0.0000000000,9.425386,5.322447,1.907500000,1,NORMAL,1.00,1.605522
84,13.440000000,0.0000000000,0.0000000000,9.369520,5.472366,1.947500000,1,NORMAL,1.00,1.621522
85,13.600000000,0.0000000000,0.0000000000,9.307703,5.619930,1.987500000,1,NORMAL,1.00,1.637522
86,13.760000000,0.0000000000,0.0000000000,9.240035,5.764905,2.027500000,1,NORMAL,1.00,1.653522
87,13.920000000,0.0000000000,0.0000000000,9.166624,5.907057,2.067500000,1,NORMAL,1.00,1.669522
88,14.080000000,0.0000000000,0.0000000000,9.087586,6.046160,2.107500000,1,NORMAL,1.00,1.685522
89,14.240000000,0.0000000000,0.0000000000,9.003049,6.181991,2.147500000,1,NORMAL,1.00,1.701522
90,14.400000000,0.0000000000,0.0000000000,8.913149,6.314333,2.187500000,1,NORMAL,1.00,1.717522
91,14.560000000,0.0000000000,0.0000000000,8.818027,6.442974,2.227500000,1,NORMAL,1.00,1.733522
92,14.720000000,0.0000000000,0.0000000000,8.717838,6.567708,2.267500000,1,NORMAL,1.00,1.749522
93,14.880000000,0.0000000000,0.0000000000,8.612740,6.688336,2.307500000,1,NORMAL,1.00,1.765522
94,15.040000000,0.0000000000,0.0000000000,8.503057,6.804814,2.341957888,1,NORMAL,1.00,1.781522
95,15.200000000,0.0000000000,0.0000000000,8.390543,6.918568,2.355928283,1,NORMAL,1.00,1.797522
96,15.360000000,0.0000000000,0.0000000000,8.277506,7.031805,2.353142832,1,NORMAL,1.00,1.813522
97,15.520000000,0.0000000000,0.0000000000,8.165287,7.145852,2.341664323,1,NORMAL,1.00,1.829522
98,15.680000000,0.0000000000,0.0000000000,8.054728,7.261507,2.325672286,1,NORMAL,1.00,1.845522
99,15.840000000,0.0000000000,0.0000000000,7.946033,7.378916,2.309672286,1,NORMAL,1.00,1.861522
100,16.000000000,0.0000000000,0.0000000000,7.839231,7.498049,2.293672286,1,NORMAL,1.00,1.877522
101,16.160000000,0.0000000000,0.0000000000,7.734348,7.618876,2.277672286,1,NORMAL,1.00,1.893522
102,16.320000000,0.0000000000,0.0000000000,7.631412,7.741365,2.261672286,1,NORMAL,1.00,1.909522
103,16.480000000,0.0000000000,0.0000000000,7.530449,7.865486,2.245672286,1,NORMAL,1.00,1.925522
104,16.640000000,0.0000000000,0.0000000000,7.431484,7.991205,2.229672286,1,NORMAL,1.00,1.941522
105,16.800000000,0.0000000000,0.0000000000,7.334544,8.118493,2.213672286,1,NORMAL,1.00,1.957522
106,16.960000000,0.0000000000,0.0000000000,7.239653,8.247314,2.197672286,1,NORMAL,1.00,1.973522
107,17.120000000,0.0000000000,0.0000000000,7.146835,8.377638,2.181672286,1,NORMAL,1.00,1.989522
108,17.280000000,0.0000000000,0.0000000000,7.056113,8.509430,2.165672286,1,NORMAL,1.00,2.005522
109,17.440000000,0.0000000000,0.0000000000,6.967512,8.642656,2.149672286,1,NORMAL,1.00,2.021522
110,17.600000000,0.0000000000,0.0000000000,6.881054,8.777284,2.133672286,1,NORMAL,1.00,2.037522
111,17.760000000,0.0000000000,0.0000000000,6.796761,8.913277,2.117672286,1,NORMAL,1.00,2.053522
112,17.920000000,0.0000000000,0.0000000000,6.714654,9.050601,2.101672286,1,NORMAL,1.00,2.069522
113,18.080000000,0.0000000000,0.0000000000,6.634755,9.189221,2.085672286,1,NORMAL,1.00,2.085522
114,18.240000000,0.0000000000,0.0000000000,6.557085,9.329102,2.069672286,1,NORMAL,1.00,2.100000
115,18.400000000,0.0000000000,0.0000000000,6.481662,9.470208,2.053672286,1,NORMAL,1.00,2.100000
116,18.560000000,0.0000000000,0.0000000000,6.408506,9.612502,2.037672286,1,NORMAL,1.00,2.100000
117,18.720000000,0.0000000000,0.0000000000,6.337636,9.755949,2.021672286,1,NORMAL,1.00,2.100000
118,18.880000000,0.0000000000,0.0000000000,6.269070,9.900511,2.005672286,1,NORMAL,1.00,2.100000
119,19.040000000,0.0000000000,0.0000000000,6.202827,10.046152,1.989672286,1,NORMAL,1.00,2.100000
120,19.200000000,0.0000000000,0.0000000000,6.138921,10.192833,1.973672286,1,NORMAL,1.00,2.100000
121,19.360000000,0.0000000000,0.0000000000,6.077371,10.340519,1.957672286,1,NORMAL,1.00,2.100000
122,19.520000000,0.0000000000,0.0000000000,6.018191,10.489170,1.941672286,1,NORMAL,1.00,2.100000
123,19.680000000,0.0000000000,0.0000000000,5.961398,10.638749,1.925672286,1,NORMAL,1.00,2.100000
124,19.840000000,0.0000000000,0.0000000000,5.907004,10.789218,1.909672286,1,NORMAL,1.00,2.100000
125,20.000000000,0.0000000000,0.0000000000,5.855025,10.940538,1.893672286,1,NORMAL,1.00,2.100000
126,20.160000000,0.0000000000,0.0000000000,5.805474,11.092670,1.877672286,1,NORMAL,1.00,2.100000
127,20.320000000,0.0000000000,0.0000000000,5.758363,11.245575,1.861672286,1,NORMAL,1.00,2.100000
128,20.480000000,0.0000000000,0.0000000000,5.713705,11.399214,1.845672286,1,NORMAL,1.00,2.100000
129,20.640000000,0.0000000000,0.0000000000,5.671510,11.553549,1.829672286,1,NORMAL,1.00,2.100000
130,20.800000000,0.0000000000,0.0000000000,5.631790,11.708538,1.813672286,1,NORMAL,1.00,2.100000
131,20.960000000,0.0000000000,0.0000000000,5.594555,11.864144,1.797672286,1,NORMAL,1.00,2.100000
132,21.120000000,0.0000000000,0.0000000000,5.559814,12.020325,1.781672286,1,NORMAL,1.00,2.100000
133,21.280000000,0.0000000000,0.0000000000,5.527577,12.177041,1.765672286,1,NORMAL,1.00,2.100000
134,21.440000000,0.0000000000,0.0000000000,5.497851,12.334254,1.749672286,1,NORMAL,1.00,2.100000
135,21.600000000,0.0000000000,0.0000000000,5.470644,12.491922,1.733672286,1,NORMAL,1.00,2.100000
136,21.760000000,0.0000000000,0.0000000000,5.445963,12.650005,1.717672286,1,NORMAL,1.00,2.100000
137,21.920000000,0.0000000000,0.0000000000,5.423814,12.808463,1.701672286,1,NORMAL,1.00,2.100000
138,22.080000000,0.0000000000,0.0000000000,5.404204,12.967255,1.685672286,1,NORMAL,1.00,2.100000
139,22.240000000,0.0000000000,0.0000000000,5.387136,13.126341,1.669672286,1,NORMAL,1.00,2.100000
140,22.400000000,0.0000000000,0.0000000000,5.372616,13.285679,1.653672286,1,NORMAL,1.00,2.100000
141,22.560000000,0.0000000000,0.0000000000,5.360647,13.445229,1.637672286,1,NORMAL,1.00,2.100000
142,22.720000000,0.0000000000,0.0000000000,5.351233,13.604950,1.621672286,1,NORMAL,1.00,2.100000
143,22.880000000,0.0000000000,0.0000000000,5.344375,13.764801,1.605672286,1,NORMAL,1.00,2.100000
144,23.040000000,0.0000000000,0.0000000000,5.340075,13.924741,1.589672286,1,NORMAL,1.00,2.100000
145,23.200000000,0.0000000000,0.0000000000,5.338335,14.084730,1.573672286,1,NORMAL,1.00,2.100000
146,23.360000000,0.0000000000,0.0000000000,5.339155,14.244726,1.557672286,1,NORMAL,1.00,2.100000
147,23.520000000,0.0000000000,0.0000000000,5.342534,14.404689,1.541672286,1,NORMAL,1.00,2.100000
148,23.680000000,0.0000000000,0.0000000000,5.348473,14.564577,1.525672286,1,NORMAL,1.00,2.100000
149,23.840000000,0.0000000000,0.0000000000,5.356969,14.724350,1.509672286,1,NORMAL,1.00,2.100000
150,24.000000000,0.0000000000,0.0000000000,5.368019,14.883966,1.493672286,1,NORMAL,1.00,2.100000
151,24.160000000,0.0000000000,0.0000000000,5.381623,15.043385,1.477672286,1,NORMAL,1.00,2.100000
152,24.320000000,0.0000000000,0.0000000000,5.397775,15.202566,1.461672286,1,NORMAL,1.00,2.100000
153,24.480000000,0.0000000000,0.0000000000,5.416472,15.361468,1.445672286,1,NORMAL,1.00,2.100000
154,24.640000000,0.0000000000,0.0000000000,5.437708,15.520050,1.429672286,1,NORMAL,1.00,2.100000
155,24.800000000,0.0000000000,0.0000000000,5.461480,15.678273,1.413672286,1,NORMAL,1.00,2.100000
156,24.960000000,0.0000000000,0.0000000000,5.487779,15.836095,1.397672286,1,NORMAL,1.00,2.100000
157,25.120000000,0.0000000000,0.0000000000,5.516601,15.993476,1.381672286,1,NORMAL,1.00,2.100000
158,25.280000000,0.0000000000,0.0000000000,5.547936,16.150376,1.365672286,1,NORMAL,1.00,2.100000
159,25.440000000,0.0000000000,0.0000000000,5.581778,16.306754,1.349672286,1,NORMAL,1.00,2.100000
160,25.600000000,0.0000000000,0.0000000000,5.618118,16.462571,1.333672286,1,NORMAL,1.00,2.100000
161,25.760000000,0.0000000000,0.0000000000,5.656946,16.617786,1.317672286,1,NORMAL,1.00,2.100000
162,25.920000000,0.0000000000,0.0000000000,5.698252,16.772361,1.301672286,1,NORMAL,1.00,2.100000
163,26.080000000,0.0000000000,0.0000000000,5.742026,16.926254,1.285672286,1,NORMAL,1.00,2.100000
164,26.240000000,0.0000000000,0.0000000000,5.788257,17.079428,1.269672286,1,NORMAL,1.00,2.100000
165,26.400000000,0.0000000000,0.0000000000,5.836932,17.231843,1.253672286,1,NORMAL,1.00,2.100000
166,26.560000000,0.0000000000,0.0000000000,5.888040,17.383459,1.237672286,1,NORMAL,1.00,2.100000
167,26.720000000,0.0000000000,0.0000000000,5.941566,17.534238,1.221672286,1,NORMAL,1.00,2.100000
168,26.880000000,0.0000000000,0.0000000000,5.997499,17.684141,1.205672286,1,NORMAL,1.00,2.100000
169,27.040000000,0.0000000000,0.0000000000,6.055822,17.833130,1.189672286,1,NORMAL,1.00,2.100000
170,27.200000000,0.0000000000,0.0000000000,6.116522,17.981167,1.173672286,1,NORMAL,1.00,2.100000
171,27.360000000,0.0000000000,0.0000000000,6.179583,18.128214,1.157672286,1,NORMAL,1.00,2.100000
172,27.520000000,0.0000000000,0.0000000000,6.244988,18.274234,1.141672286,1,NORMAL,1.00,2.100000
173,27.680000000,0.0000000000,0.0000000000,6.312721,18.419188,1.125672286,1,NORMAL,1.00,2.100000
174,27.840000000,0.0000000000,0.0000000000,6.382764,18.563040,1.109672286,1,NORMAL,1.00,2.100000
175,28.000000000,0.0000000000,0.0000000000,6.455100,18.705752,1.093672286,1,NORMAL,1.00,2.100000
176,28.160000000,0.0000000000,0.0000000000,6.529711,18.847290,1.077672286,1,NORMAL,1.00,2.100000
177,28.320000000,0.0000000000,0.0000000000,6.606576,18.987615,1.061672286,1,NORMAL,1.00,2.100000
178,28.480000000,0.0000000000,0.0000000000,6.685676,19.126693,1.045672286,1,NORMAL,1.00,2.100000
179,28.640000000,0.0000000000,0.0000000000,6.766991,19.264487,1.029672286,1,NORMAL,1.00,2.100000
180,28.800000000,0.0000000000,0.0000000000,6.850501,19.400963,1.013672286,1,NORMAL,1.00,2.100000
181,28.960000000,0.0000000000,0.0000000000,6.936183,19.536085,0.997672286,1,NORMAL,1.00,2.100000
182,29.120000000,0.0000000000,0.0000000000,7.024016,19.669819,0.981672286,1,NORMAL,1.00,2.100000
183,29.280000000,0.0000000000,0.0000000000,7.113978,19.802130,0.965672286,1,NORMAL,1.00,2.100000
184,29.440000000,0.0000000000,0.0000000000,7.206045,19.932986,0.949672286,1,NORMAL,1.00,2.100000
185,29.600000000,0.0000000000,0.0000000000,7.300194,20.062351,0.933672286,1,NORMAL,1.00,2.100000
186,29.760000000,0.0000000000,0.0000000000,7.396401,20.190194,0.917672286,1,NORMAL,1.00,2.100000
187,29.920000000,0.0000000000,0.0000000000,7.494640,20.316481,0.901672286,1,NORMAL,1.00,2.100000
188,30.080000000,0.0000000000,0.0000000000,7.594888,20.441180,0.885672286,1,NORMAL,1.00,2.100000
189,30.240000000,0.0000000000,0.0000000000,7.697118,20.564259,0.869672286,1,NORMAL,1.00,2.100000
190,30.400000000,0.0000000000,0.0000000000,7.801304,20.685687,0.853672286,1,NORMAL,1.00,2.100000
191,30.560000000,0.0000000000,0.0000000000,7.907419,20.805433,0.837672286,1,NORMAL,1.00,2.100000
192,30.720000000,0.0000000000,0.0000000000,8.015437,20.923465,0.821672286,1,NORMAL,1.00,2.100000
193,30.880000000,0.0000000000,0.0000000000,8.125329,21.039754,0.805672286,1,NORMAL,1.00,2.100000
194,31.040000000,0.0000000000,0.0000000000,8.237068,21.154270,0.789672286,1,NORMAL,1.00,2.100000
195,31.200000000,0.0000000000,0.0000000000,8.350624,21.266983,0.773672286,1,NORMAL,1.00,2.100000
196,31.360000000,0.0000000000,0.0000000000,8.465970,21.377866,0.757672286,1,NORMAL,1.00,2.100000
197,31.520000000,0.0000000000,0.0000000000,8.583074,21.486888,0.741672286,1,NORMAL,1.00,2.100000
198,31.680000000,0.0000000000,0.0000000000,8.701908,21.594023,0.725672286,1,NORMAL,1.00,2.100000
199,31.840000000,0.0000000000,0.0000000000,8.822441,21.699244,0.709672286,1,NORMAL,1.00,2.100000
200,32.000000000,0.0000000000,0.0000000000,8.944642,21.802522,0.693672286,1,NORMAL,1.00,2.100000
201,32.160000000,0.0000000000,0.0000000000,9.068480,21.903832,0.677672286,1,NORMAL,1.00,2.100000
202,32.320000000,0.0000000000,0.0000000000,9.193922,22.003147,0.661672286,1,NORMAL,1.00,2.100000
203,32.480000000,0.0000000000,0.0000000000,9.320938,22.100443,0.645672286,1,NORMAL,1.00,2.100000
204,32.640000000,0.0000000000,0.0000000000,9.449494,22.195694,0.629672286,1,NORMAL,1.00,2.100000
205,32.800000000,0.0000000000,0.0000000000,9.579558,22.288877,0.613672286,1,NORMAL,1.00,2.100000
206,32.960000000,0.0000000000,0.0000000000,9.711095,22.379966,0.597672286,1,NORMAL,1.00,2.100000
207,33.120000000,0.0000000000,0.0000000000,9.844074,22.468939,0.581672286,1,NORMAL,1.00,2.100000
208,33.280000000,0.0000000000,0.0000000000,9.978458,22.555774,0.565672286,1,NORMAL,1.00,2.100000
209,33.440000000,0.0000000000,0.0000000000,10.114215,22.640447,0.549672286,1,NORMAL,1.00,2.100000
210,33.600000000,0.0000000000,0.0000000000,10.251309,22.722937,0.533672286,1,NORMAL,1.00,2.100000
211,33.760000000,0.0000000000,0.0000000000,10.389706,22.803223,0.517672286,1,NORMAL,1.00,2.100000
212,33.920000000,0.0000000000,0.0000000000,10.529369,22.881285,0.501672286,1,NORMAL,1.00,2.100000
213,34.080000000,0.0000000000,0.0000000000,10.670263,22.957102,0.485672286,1,NORMAL,1.00,2.100000
214,34.240000000,0.0000000000,0.0000000000,10.812352,23.030656,0.469672286,1,NORMAL,1.00,2.100000
215,34.400000000,0.0000000000,0.0000000000,10.955600,23.101926,0.453672286,1,NORMAL,1.00,2.100000
216,34.560000000,0.0000000000,0.0000000000,11.099970,23.170896,0.437672286,1,NORMAL,1.00,2.100000
217,34.720000000,0.0000000000,0.0000000000,11.245425,23.237547,0.421672286,1,NORMAL,1.00,2.100000
218,34.880000000,0.0000000000,0.0000000000,11.391927,23.301862,0.405672286,1,NORMAL,1.00,2.100000
219,35.040000000,0.0000000000,0.0000000000,11.539440,23.363825,0.389672286,1,NORMAL,1.00,2.100000
220,35.200000000,0.0000000000,0.0000000000,11.687926,23.423420,0.373672286,1,NORMAL,1.00,2.100000
221,35.360000000,0.0000000000,0.0000000000,11.837345,23.480632,0.357672286,1,NORMAL,1.00,2.100000
222,35.520000000,0.0000000000,0.0000000000,11.987661,23.535446,0.341672286,1,NORMAL,1.00,2.100000
223,35.680000000,0.0000000000,0.0000000000,12.138835,23.587847,0.325672286,1,NORMAL,1.00,2.100000
224,35.840000000,0.0000000000,0.0000000000,12.290828,23.637824,0.309672286,1,NORMAL,1.00,2.100000
225,36.000000000,0.0000000000,0.0000000000,12.443601,23.685362,0.293672286,1,NORMAL,1.00,2.100000
226,36.160000000,0.0000000000,0.0000000000,12.597115,23.730450,0.277672286,1,NORMAL,1.00,2.100000
227,36.320000000,0.0000000000,0.0000000000,12.751330,23.773076,0.261672286,1,NORMAL,1.00,2.100000
228,36.480000000,0.0000000000,0.0000000000,12.906208,23.813229,0.245672286,1,NORMAL,1.00,2.100000
229,36.640000000,0.0000000000,0.0000000000,13.061709,23.850899,0.229672286,1,NORMAL,1.00,2.100000
230,36.800000000,0.0000000000,0.0000000000,13.217792,23.886077,0.213672286,1,NORMAL,1.00,2.100000
231,36.960000000,0.0000000000,0.0000000000,13.374418,23.918753,0.197672286,1,NORMAL,1.00,2.100000
232,37.120000000,0.0000000000,0.0000000000,13.531547,23.948918,0.181672286,1,NORMAL,1.00,2.100000
233,37.280000000,0.0000000000,0.0000000000,13.689138,23.976566,0.165672286,1,NORMAL,1.00,2.100000
234,37.440000000,0.0000000000,0.0000000000,13.847152,24.001689,0.149672286,1,NORMAL,1.00,2.100000
235,37.600000000,0.0000000000,0.0000000000,14.005547,24.024280,0.133672286,1,NORMAL,1.00,2.100000
236,37.760000000,0.0000000000,0.0000000000,14.164284,24.044335,0.117672286,1,NORMAL,1.00,2.100000
237,37.920000000,0.0000000000,0.0000000000,14.323321,24.061847,0.101672286,1,NORMAL,1.00,2.100000
238,38.080000000,0.0000000000,0.0000000000,14.482618,24.076813,0.085672286,1,NORMAL,1.00,2.100000
239,38.240000000,0.0000000000,0.0000000000,14.642134,24.089228,0.069672286,1,NORMAL,1.00,2.100000
240,38.400000000,0.0000000000,0.0000000000,14.801828,24.099089,0.053672286,1,NORMAL,1.00,2.100000
241,38.560000000,0.0000000000,0.0000000000,14.961659,24.106394,0.037672286,1,NORMAL,1.00,2.100000
242,38.720000000,0.0000000000,0.0000000000,15.121587,24.111141,0.021672286,1,NORMAL,1.00,2.100000
243,38.880000000,0.0000000000,0.0000000000,15.281570,24.113374,0.007126062,1,NORMAL,1.00,2.100000
244,39.040000000,0.0000000000,0.0000000000,15.441569,24.113860,0.000367510,1,NORMAL,1.00,2.100000
245,39.200000000,0.0000000000,0.0000000000,15.601569,24.113866,0.000000000,1,NORMAL,1.00,2.100000
246,39.360000000,0.0000000000,0.0000000000,15.761569,24.113866,0.000000000,1,NORMAL,1.00,2.100000
247,39.520000000,0.0000000000,0.0000000000,15.921569,24.113866,0.000000000,1,NORMAL,1.00,2.100000
248,39.680000000,0.0000000000,0.0000000000,16.081569,24.113866,0.000000000,1,NORMAL,1.00,2.100000
249,39.840000000,0.0000000000,0.0000000000,16.241569,24.113866,0.000000000,1,NORMAL,1.00,2.100000
250,40.000000000,0.0000000000,0.0000000000,16.401569,24.113866,0.000000000,1,NORMAL,1.00,2.100000
251,40.160000000,0.0000000000,0.0000000000,16.561569,24.113866,0.000000000,1,NORMAL,1.00,2.100000
252,40.320000000,0.0000000000,0.0000000000,16.721569,24.113866,0.000000000,1,NORMAL,1.00,2.100000
253,40.480000000,0.0000000000,0.0000000000,16.881569,24.113866,0.000000000,1,NORMAL,1.00,2.100000
254,40.640000000,0.0000000000,0.0000000000,17.041569,24.113866,0.000000000,1,NORMAL,1.00,2.100000
255,40.800000000,0.0000000000,0.0000000000,17.201569,24.113866,0.000000000,1,NORMAL,1.00,2.100000
256,40.960000000,0.0000000000,0.0000000000,17.361569,24.113866,0.000000000,1,NORMAL,1.00,2.100000
257,41.120000000,0.0000000000,0.0000000000,17.521569,24.113866,0.000000000,1,NORMAL,1.00,2.100000
258,41.280000000,0.0000000000,0.0000000000,17.681569,24.113866,0.000000000,1,NORMAL,1.00,2.100000
259,41.440000000,0.0000000000,0.0000000000,17.841569,24.113866,0.000000000,1,NORMAL,1.00,2.100000
260,41.600000000,0.0000000000,0.0000000000,18.001569,24.113866,0.000000000,1,NORMAL,1.00,2.100000
261,41.760000000,0.0000000000,0.0000000000,18.161569,24.113866,0.000000000,1,NORMAL,1.00,2.100000
262,41.920000000,0.0000000000,0.0000000000,18.321569,24.113866,0.000000000,1,NORMAL,1.00,2.100000
263,42.080000000,0.0000000000,0.0000000000,18.481569,24.113866,0.000000000,1,NORMAL,1.00,2.100000
264,42.240000000,0.0000000000,0.0000000000,18.641569,24.113866,0.000000000,1,NORMAL,1.00,2.100000
265,42.400000000,0.0000000000,0.0000000000,18.801569,24.113866,0.000000000,1,NORMAL,1.00,2.100000
266,42.560000000,0.0000000000,0.0000000000,18.961569,24.113866,0.000000000,1,NORMAL,1.00,2.100000
267,42.720000000,0.0000000000,0.0000000000,19.121569,24.113866,0.000000000,1,NORMAL,1.00,2.100000
268,42.880000000,0.0000000000,0.0000000000,19.281569,24.113866,0.000000000,1,NORMAL,1.00,2.100000
269,43.040000000,0.0000000000,0.0000000000,19.441569,24.113866,0.000000000,1,NORMAL,1.00,2.100000
270,43.200000000,0.0000000000,0.0000000000,19.601569,24.113866,0.000000000,1,NORMAL,1.00,2.100000
271,43.360000000,0.0000000000,0.0000000000,19.761569,24.113866,0.000000000,1,NORMAL,1.00,2.100000
272,43.520000000,0.0000000000,0.0000000000,19.921569,24.113866,0.000000000,1,NORMAL,1.00,2.100000
273,43.680000000,0.0000000000,0.0000000000,20.081569,24.113866,0.000000000,1,NORMAL,1.00,2.100000
274,43.840000000,0.0000000000,0.0000000000,20.241569,24.113866,0.000000000,1,NORMAL,1.00,2.100000
275,44.000000000,0.0000000000,0.0000000000,20.401569,24.113866,0.000000000,1,NORMAL,1.00,2.100000
276,44.160000000,0.0000000000,0.0000000000,20.561569,24.113866,0.000000000,1,NORMAL,1.00,2.100000
277,44.320000000,0.0000000000,0.0000000000,20.721569,24.113866,0.000000000,1,NORMAL,1.00,2.100000
278,44.480000000,0.0000000000,0.0000000000,20.881569,24.113866,0.000000000,1,NORMAL,1.00,2.100000
279,44.640000000,0.0000000000,0.0000000000,21.041569,24.113866,0.000000000,1,NORMAL,1.00,2.100000
280,44.800000000,0.0000000000,0.0000000000,21.201569,24.113866,0.000000000,1,NORMAL,1.00,2.100000
281,44.960000000,0.0000000000,0.0000000000,21.361569,24.113866,0.000000000,1,NORMAL,1.00,2.100000
282,45.120000000,0.0000000000,0.0000000000,21.521569,24.113866,0.000000000,1,NORMAL,1.00,2.100000
283,45.280000000,0.0000000000,0.0000000000,21.681569,24.113866,0.000000000,1,NORMAL,1.00,2.100000
284,45.440000000,0.0000000000,0.0000000000,21.841569,24.113866,0.000000000,1,NORMAL,1.00,2.100000
285,45.600000000,0.0000000000,0.0000000000,21.991569,24.113866,0.000000000,1,NORMAL,1.00,2.100000
