index,timestamp,latitude,longitude,x_m,y_m,yaw,direction,mode,drive_level
0,3.813000000,0.0000000000,0.0000000000,-0.000000,-0.000000,0.000000000,1,NORMAL,1.00
1,21.933000000,0.0000000000,0.0000000000,0.101310,0.000000,0.000000000,1,NORMAL,1.00
2,22.093000000,0.0000000000,0.0000000000,0.213310,0.000000,0.000000000,1,NORMAL,1.00
3,22.373000000,0.0000000000,0.0000000000,0.323642,0.000000,0.000000000,1,NORMAL,1.00
4,22.533000000,0.0000000000,0.0000000000,0.435642,0.000000,0.000000000,1,NORMAL,1.00
5,22.693000000,0.0000000000,0.0000000000,0.547642,0.000000,0.000000001,1,NORMAL,1.00
6,22.853000000,0.0000000000,0.0000000000,0.659642,0.000000,0.000000001,1,NORMAL,1.00
7,23.013000000,0.0000000000,0.0000000000,0.771642,0.000000,0.000000001,1,NORMAL,1.00
8,23.173000000,0.0000000000,0.0000000000,0.883642,0.000000,0.000000001,1,NORMAL,1.00
9,23.333000000,0.0000000000,0.0000000000,0.995642,0.000000,0.000000001,1,NORMAL,1.00
10,23.493000000,0.0000000000,0.0000000000,1.107642,0.000000,0.000000001,1,NORMAL,1.00
11,23.653000000,0.0000000000,0.0000000000,1.219642,0.000000,0.000000001,1,NORMAL,1.00
12,23.813000000,0.0000000000,0.0000000000,1.331642,0.000000,0.000000001,1,NORMAL,1.00
13,23.973000000,0.0000000000,0.0000000000,1.443642,0.000000,0.000000001,1,NORMAL,1.00
14,24.133000000,0.0000000000,0.0000000000,1.555642,0.000000,0.000000002,1,NORMAL,1.00
15,24.293000000,0.0000000000,0.0000000000,1.667642,0.000000,0.000000002,1,NORMAL,1.00
16,24.453000000,0.0000000000,0.0000000000,1.779642,0.000000,0.000000002,1,NORMAL,1.00
17,24.613000000,0.0000000000,0.0000000000,1.891642,0.000000,0.000000002,1,NORMAL,1.00
18,24.773000000,0.0000000000,0.0000000000,2.003642,0.000000,0.000000002,1,NORMAL,1.00
19,24.933000000,0.0000000000,0.0000000000,2.115642,0.000000,0.000000002,1,NORMAL,1.00
20,25.093000000,0.0000000000,0.0000000000,2.227642,0.000000,0.000000002,1,NORMAL,1.00
21,25.253000000,0.0000000000,0.0000000000,2.339642,0.000000,0.000000002,1,NORMAL,1.00
22,25.413000000,0.0000000000,0.0000000000,2.451642,0.000000,0.000000002,1,NORMAL,1.00
23,25.573000000,0.0000000000,0.0000000000,2.563642,0.000000,0.000000003,1,NORMAL,1.00
24,25.733000000,0.0000000000,0.0000000000,2.675642,0.000000,0.000000003,1,NORMAL,1.00
25,25.893000000,0.0000000000,0.0000000000,2.787642,0.000000,0.000000003,1,NORMAL,1.00
26,26.053000000,0.0000000000,0.0000000000,2.899642,0.000000,0.000000003,1,NORMAL,1.00
27,26.213000000,0.0000000000,0.0000000000,3.011642,0.000000,0.000000003,1,NORMAL,1.00
28,26.373000000,0.0000000000,0.0000000000,3.123642,0.000000,0.000000003,1,NORMAL,1.00
29,26.533000000,0.0000000000,0.0000000000,3.235642,0.000000,0.000000003,1,NORMAL,1.00
30,26.693000000,0.0000000000,0.0000000000,3.347642,0.000000,0.000000003,1,NORMAL,1.00
31,26.853000000,0.0000000000,0.0000000000,3.459642,0.000000,0.000000003,1,NORMAL,1.00
32,27.013000000,0.0000000000,0.0000000000,3.571642,0.000000,0.000000004,1,NORMAL,1.00
33,27.173000000,0.0000000000,0.0000000000,3.683642,0.000000,0.000000004,1,NORMAL,1.00
34,27.333000000,0.0000000000,0.0000000000,3.795642,0.000000,0.000000004,1,NORMAL,1.00
35,27.493000000,0.0000000000,0.0000000000,3.907642,0.000000,0.000000004,1,NORMAL,1.00
36,27.653000000,0.0000000000,0.0000000000,4.019642,0.000000,0.000000004,1,NORMAL,1.00
37,27.813000000,0.0000000000,0.0000000000,4.131642,0.000000,0.000000004,1,NORMAL,1.00
38,27.973000000,0.0000000000,0.0000000000,4.243642,0.000000,0.000000004,1,NORMAL,1.00
39,28.133000000,0.0000000000,0.0000000000,4.355642,0.000000,0.000000004,1,NORMAL,1.00
40,28.293000000,0.0000000000,0.0000000000,4.467642,0.000000,0.000000004,1,NORMAL,1.00
41,28.453000000,0.0000000000,0.0000000000,4.579642,0.000000,0.000000005,1,NORMAL,1.00
42,28.613000000,0.0000000000,0.0000000000,4.691642,0.000000,0.000000005,1,NORMAL,1.00
43,28.773000000,0.0000000000,0.0000000000,4.803642,0.000000,0.000000005,1,NORMAL,1.00
44,28.933000000,0.0000000000,0.0000000000,4.915642,0.000000,0.000000005,1,NORMAL,1.00
45,29.093000000,0.0000000000,0.0000000000,5.027642,0.000000,0.000000005,1,NORMAL,1.00
46,29.253000000,0.0000000000,0.0000000000,5.139642,0.000000,0.000000005,1,NORMAL,1.00
47,29.413000000,0.0000000000,0.0000000000,5.251642,0.000000,0.000000005,1,NORMAL,1.00
48,29.573000000,0.0000000000,0.0000000000,5.363642,0.000000,0.000000005,1,NORMAL,1.00
49,29.733000000,0.0000000000,0.0000000000,5.475642,0.000000,0.000000005,1,NORMAL,1.00
50,29.893000000,0.0000000000,0.0000000000,5.587642,0.000000,0.000000006,1,NORMAL,1.00
51,30.053000000,0.0000000000,0.0000000000,5.699642,0.000000,0.000000006,1,NORMAL,1.00
52,30.213000000,0.0000000000,0.0000000000,5.811642,0.000000,0.000000006,1,NORMAL,1.00
53,30.373000000,0.0000000000,0.0000000000,5.923642,0.000000,0.000000006,1,NORMAL,1.00
54,30.533000000,0.0000000000,0.0000000000,6.035642,0.000000,0.000000006,1,NORMAL,1.00
55,30.693000000,0.0000000000,0.0000000000,6.147642,0.000000,0.000000006,1,NORMAL,1.00
56,30.853000000,0.0000000000,0.0000000000,6.259642,0.000000,0.000000006,1,NORMAL,1.00
57,31.013000000,0.0000000000,0.0000000000,6.371642,0.000000,0.000000006,1,NORMAL,1.00
58,31.173000000,0.0000000000,0.0000000000,6.483642,0.000000,0.000000006,1,NORMAL,1.00
59,31.333000000,0.0000000000,0.0000000000,6.595642,0.000000,0.000000007,1,NORMAL,1.00
60,31.493000000,0.0000000000,0.0000000000,6.707642,0.000000,0.000000007,1,NORMAL,1.00
61,31.653000000,0.0000000000,0.0000000000,6.819642,0.000000,0.000000007,1,NORMAL,1.00
62,31.813000000,0.0000000000,0.0000000000,6.931642,0.000000,0.000000007,1,NORMAL,1.00
63,31.973000000,0.0000000000,0.0000000000,7.043642,0.000000,0.000000007,1,NORMAL,1.00
64,32.133000000,0.0000000000,0.0000000000,7.155642,0.000000,0.000000007,1,NORMAL,1.00
65,32.293000000,0.0000000000,0.0000000000,7.267642,0.000000,0.000000007,1,NORMAL,1.00
66,32.453000000,0.0000000000,0.0000000000,7.379642,0.000000,0.000000007,1,NORMAL,1.00
67,32.613000000,0.0000000000,0.0000000000,7.491642,0.000000,0.000000007,1,NORMAL,1.00
68,32.773000000,0.0000000000,0.0000000000,7.603642,0.000000,0.000000008,1,NORMAL,1.00
69,32.933000000,0.0000000000,0.0000000000,7.715642,0.000000,0.000000008,1,NORMAL,1.00
70,33.093000000,0.0000000000,0.0000000000,7.827642,0.000000,0.000000008,1,NORMAL,1.00
71,33.253000000,0.0000000000,0.0000000000,7.939642,0.000000,0.000000008,1,NORMAL,1.00
72,33.413000000,0.0000000000,0.0000000000,8.051642,0.000000,0.000000008,1,NORMAL,1.00
73,33.573000000,0.0000000000,0.0000000000,8.163642,0.000000,0.000000008,1,NORMAL,1.00
74,33.733000000,0.0000000000,0.0000000000,8.275642,0.000000,0.000000008,1,NORMAL,1.00
75,33.893000000,0.0000000000,0.0000000000,8.387642,0.000000,0.000000008,1,NORMAL,1.00
76,34.053000000,0.0000000000,0.0000000000,8.499642,0.000000,0.000000008,1,NORMAL,1.00
77,34.213000000,0.0000000000,0.0000000000,8.611642,0.000000,0.000000009,1,NORMAL,1.00
78,34.373000000,0.0000000000,0.0000000000,8.723642,0.000000,0.000000009,1,NORMAL,1.00
79,34.533000000,0.0000000000,0.0000000000,8.835642,0.000000,0.000000009,1,NORMAL,1.00
80,34.693000000,0.0000000000,0.0000000000,8.947642,0.000000,0.000000009,1,NORMAL,1.00
81,34.853000000,0.0000000000,0.0000000000,9.059642,0.000000,0.000000009,1,NORMAL,1.00
82,35.013000000,0.0000000000,0.0000000000,9.171642,0.000000,0.000000009,1,NORMAL,1.00
83,35.173000000,0.0000000000,0.0000000000,9.283642,0.000000,0.000000009,1,NORMAL,1.00
84,35.333000000,0.0000000000,0.0000000000,9.395642,0.000000,0.000000009,1,NORMAL,1.00
85,35.493000000,0.0000000000,0.0000000000,9.507642,0.000000,0.000000010,1,NORMAL,1.00
86,35.653000000,0.0000000000,0.0000000000,9.619642,0.000000,0.000000010,1,NORMAL,1.00
87,35.813000000,0.0000000000,0.0000000000,9.731642,0.000000,0.000000010,1,NORMAL,1.00
88,35.973000000,0.0000000000,0.0000000000,9.843642,0.000000,0.000000010,1,NORMAL,1.00
89,36.133000000,0.0000000000,0.0000000000,9.955642,0.000000,0.000000010,1,NORMAL,1.00
90,36.293000000,0.0000000000,0.0000000000,10.067642,0.000000,0.000000010,1,NORMAL,1.00
91,36.453000000,0.0000000000,0.0000000000,10.179642,0.000000,0.000000010,1,NORMAL,1.00
92,36.613000000,0.0000000000,0.0000000000,10.291642,0.000000,0.000000010,1,NORMAL,1.00
93,36.773000000,0.0000000000,0.0000000000,10.403642,0.000000,0.000000010,1,NORMAL,1.00
94,36.933000000,0.0000000000,0.0000000000,10.515642,0.000000,0.000000011,1,NORMAL,1.00
95,37.093000000,0.0000000000,0.0000000000,10.627642,0.000000,0.000000011,1,NORMAL,1.00
96,37.253000000,0.0000000000,0.0000000000,10.739642,0.000000,0.000000011,1,NORMAL,1.00
97,37.413000000,0.0000000000,0.0000000000,10.851642,0.000000,0.000000011,1,NORMAL,1.00
98,37.573000000,0.0000000000,0.0000000000,10.963642,0.000000,0.000000011,1,NORMAL,1.00
99,37.733000000,0.0000000000,0.0000000000,11.075642,0.000000,0.000000011,1,NORMAL,1.00
100,37.893000000,0.0000000000,0.0000000000,11.187642,0.000000,0.000000011,1,NORMAL,1.00
101,38.053000000,0.0000000000,0.0000000000,11.299642,0.000000,0.000000011,1,NORMAL,1.00
102,38.213000000,0.0000000000,0.0000000000,11.411642,0.000000,0.000000011,1,NORMAL,1.00
103,38.373000000,0.0000000000,0.0000000000,11.523642,0.000000,0.000000012,1,NORMAL,1.00
104,38.533000000,0.0000000000,0.0000000000,11.635642,0.000000,0.000000012,1,NORMAL,1.00
105,38.693000000,0.0000000000,0.0000000000,11.747642,0.000000,0.000000012,1,NORMAL,1.00
106,38.853000000,0.0000000000,0.0000000000,11.859642,0.000000,0.000000012,1,NORMAL,1.00
107,39.013000000,0.0000000000,0.0000000000,11.971642,0.000000,0.000000012,1,NORMAL,1.00
108,39.173000000,0.0000000000,0.0000000000,12.083642,0.000000,0.000000012,1,NORMAL,1.00
109,39.333000000,0.0000000000,0.0000000000,12.195642,0.000000,0.000000012,1,NORMAL,1.00
110,39.493000000,0.0000000000,0.0000000000,12.307642,0.000000,0.000000012,1,NORMAL,1.00
111,39.653000000,0.0000000000,0.0000000000,12.419642,0.000000,0.000000012,1,NORMAL,1.00
112,39.813000000,0.0000000000,0.0000000000,12.531642,0.000000,0.000000013,1,NORMAL,1.00
113,39.973000000,0.0000000000,0.0000000000,12.643642,0.000000,0.000000013,1,NORMAL,1.00
114,40.133000000,0.0000000000,0.0000000000,12.755642,0.000000,0.000000013,1,NORMAL,1.00
115,40.293000000,0.0000000000,0.0000000000,12.867642,0.000000,0.000000013,1,NORMAL,1.00
116,40.453000000,0.0000000000,0.0000000000,12.979642,0.000000,0.000000013,1,NORMAL,1.00
117,40.613000000,0.0000000000,0.0000000000,13.091642,0.000000,0.000000013,1,NORMAL,1.00
118,40.773000000,0.0000000000,0.0000000000,13.203642,0.000000,0.000000013,1,NORMAL,1.00
119,40.933000000,0.0000000000,0.0000000000,13.315642,0.000000,0.000000013,1,NORMAL,1.00
120,41.093000000,0.0000000000,0.0000000000,13.427642,0.000000,0.000000013,1,NORMAL,1.00
121,41.253000000,0.0000000000,0.0000000000,13.539642,0.000000,0.000000014,1,NORMAL,1.00
122,41.413000000,0.0000000000,0.0000000000,13.651642,0.000000,0.000000014,1,NORMAL,1.00
123,41.573000000,0.0000000000,0.0000000000,13.763642,0.000000,0.000000014,1,NORMAL,1.00
124,41.733000000,0.0000000000,0.0000000000,13.875642,0.000000,0.000000014,1,NORMAL,1.00
125,41.893000000,0.0000000000,0.0000000000,13.987642,0.000000,0.000000014,1,NORMAL,1.00
126,42.053000000,0.0000000000,0.0000000000,14.099642,0.000000,0.000000014,1,NORMAL,1.00
127,42.213000000,0.0000000000,0.0000000000,14.211642,0.000000,0.000000014,1,NORMAL,1.00
128,42.373000000,0.0000000000,0.0000000000,14.323642,0.000000,0.000000014,1,NORMAL,1.00
129,42.533000000,0.0000000000,0.0000000000,14.435642,0.000000,0.000000014,1,NORMAL,1.00
130,42.693000000,0.0000000000,0.0000000000,14.547642,0.000000,0.000000015,1,NORMAL,1.00
131,42.853000000,0.0000000000,0.0000000000,14.659642,0.000000,0.000000015,1,NORMAL,1.00
132,43.013000000,0.0000000000,0.0000000000,14.771642,0.000000,0.000000015,1,NORMAL,1.00
133,43.173000000,0.0000000000,0.0000000000,14.883642,0.000000,0.000000015,1,NORMAL,1.00
134,43.333000000,0.0000000000,0.0000000000,14.995642,0.000000,0.000000015,1,NORMAL,1.00
135,43.493000000,0.0000000000,0.0000000000,15.107642,0.000000,0.000000015,1,NORMAL,1.00
136,43.653000000,0.0000000000,0.0000000000,15.219642,0.000000,0.000000015,1,NORMAL,1.00
137,43.813000000,0.0000000000,0.0000000000,15.331642,0.000000,0.000000015,1,NORMAL,1.00
138,43.973000000,0.0000000000,0.0000000000,15.443642,0.000000,0.000000015,1,NORMAL,1.00
139,44.133000000,0.0000000000,0.0000000000,15.555642,0.000000,0.000000016,1,NORMAL,1.00
140,44.293000000,0.0000000000,0.0000000000,15.667642,0.000000,0.000000016,1,NORMAL,1.00
141,44.453000000,0.0000000000,0.0000000000,15.779642,0.000000,0.000000016,1,NORMAL,1.00
142,44.613000000,0.0000000000,0.0000000000,15.891642,0.000000,0.000000016,1,NORMAL,1.00
143,44.773000000,0.0000000000,0.0000000000,16.003642,0.000000,0.000000016,1,NORMAL,1.00
144,44.933000000,0.0000000000,0.0000000000,16.115642,0.000000,0.000000016,1,NORMAL,1.00
145,45.093000000,0.0000000000,0.0000000000,16.227642,0.000000,0.000000016,1,NORMAL,1.00
146,45.253000000,0.0000000000,0.0000000000,16.339642,0.000000,0.000000016,1,NORMAL,1.00
147,45.413000000,0.0000000000,0.0000000000,16.451642,0.000000,0.000000016,1,NORMAL,1.00
148,45.573000000,0.0000000000,0.0000000000,16.563642,0.000000,0.000000017,1,NORMAL,1.00
149,45.733000000,0.0000000000,0.0000000000,16.675642,0.000000,0.000000017,1,NORMAL,1.00
150,45.893000000,0.0000000000,0.0000000000,16.787642,0.000000,0.000000017,1,NORMAL,1.00
151,46.053000000,0.0000000000,0.0000000000,16.899642,0.000000,0.000000017,1,NORMAL,1.00
152,46.213000000,0.0000000000,0.0000000000,17.011642,0.000000,0.000000017,1,NORMAL,1.00
153,46.373000000,0.0000000000,0.0000000000,17.123642,0.000000,0.000000017,1,NORMAL,1.00
154,46.533000000,0.0000000000,0.0000000000,17.235642,0.000000,0.000000017,1,NORMAL,1.00
155,46.693000000,0.0000000000,0.0000000000,17.347642,0.000000,0.000000017,1,NORMAL,1.00
156,46.853000000,0.0000000000,0.0000000000,17.459642,0.000000,0.000000017,1,NORMAL,1.00
157,47.013000000,0.0000000000,0.0000000000,17.571642,0.000000,0.000000018,1,NORMAL,1.00
158,47.173000000,0.0000000000,0.0000000000,17.683642,0.000000,0.000000018,1,NORMAL,1.00
159,47.333000000,0.0000000000,0.0000000000,17.795642,0.000000,0.000000018,1,NORMAL,1.00
160,47.493000000,0.0000000000,0.0000000000,17.907642,0.000000,0.000000018,1,NORMAL,1.00
161,47.653000000,0.0000000000,0.0000000000,18.019642,0.000000,0.000000018,1,NORMAL,1.00
162,47.813000000,0.0000000000,0.0000000000,18.131642,0.000000,0.000000018,1,NORMAL,1.00
163,47.973000000,0.0000000000,0.0000000000,18.243642,0.000000,0.000000018,1,NORMAL,1.00
164,48.133000000,0.0000000000,0.0000000000,18.355642,0.000000,0.000000018,1,NORMAL,1.00
165,48.293000000,0.0000000000,0.0000000000,18.467642,0.000000,0.000000018,1,NORMAL,1.00
166,48.453000000,0.0000000000,0.0000000000,18.579642,0.000000,0.000000019,1,NORMAL,1.00
167,48.613000000,0.0000000000,0.0000000000,18.691642,0.000000,0.000000019,1,NORMAL,1.00
168,48.773000000,0.0000000000,0.0000000000,18.803642,0.000000,0.000000019,1,NORMAL,1.00
169,48.933000000,0.0000000000,0.0000000000,18.915642,0.000000,0.000000019,1,NORMAL,1.00
170,49.093000000,0.0000000000,0.0000000000,19.027642,0.000000,0.000000019,1,NORMAL,1.00
171,49.253000000,0.0000000000,0.0000000000,19.139642,0.000000,0.000000019,1,NORMAL,1.00
172,49.413000000,0.0000000000,0.0000000000,19.251642,0.000000,0.000000019,1,NORMAL,1.00
173,49.573000000,0.0000000000,0.0000000000,19.363642,0.000000,0.000000019,1,NORMAL,1.00
174,49.733000000,0.0000000000,0.0000000000,19.475642,0.000000,0.000000019,1,NORMAL,1.00
175,49.893000000,0.0000000000,0.0000000000,19.587642,0.000000,0.000000020,1,NORMAL,1.00
176,50.053000000,0.0000000000,0.0000000000,19.699642,0.000000,0.000000020,1,NORMAL,1.00
177,50.313000000,0.0000000000,0.0000000000,19.806474,0.000000,0.000000020,1,NORMAL,1.00
178,50.473000000,0.0000000000,0.0000000000,19.918474,0.000000,0.000000020,1,NORMAL,1.00
179,50.633000000,0.0000000000,0.0000000000,20.030474,0.000000,0.000000020,1,NORMAL,1.00
180,50.793000000,0.0000000000,0.0000000000,20.142474,0.000000,0.000000020,1,NORMAL,1.00
181,50.953000000,0.0000000000,0.0000000000,20.254474,0.000000,0.000000020,1,NORMAL,1.00
182,51.113000000,0.0000000000,0.0000000000,20.366474,0.000000,0.000000020,1,NORMAL,1.00
183,51.273000000,0.0000000000,0.0000000000,20.478474,0.000000,0.000000020,1,NORMAL,1.00
184,51.433000000,0.0000000000,0.0000000000,20.590474,0.000000,0.000000021,1,NORMAL,1.00
185,51.593000000,0.0000000000,0.0000000000,20.702474,0.000000,0.000000021,1,NORMAL,1.00
186,51.753000000,0.0000000000,0.0000000000,20.814474,0.000000,0.000000021,1,NORMAL,1.00
187,51.913000000,0.0000000000,0.0000000000,20.926474,0.000000,0.000000021,1,NORMAL,1.00
188,52.073000000,0.0000000000,0.0000000000,21.038474,0.000000,0.000000021,1,NORMAL,1.00
189,52.233000000,0.0000000000,0.0000000000,21.150474,0.000000,0.000000021,1,NORMAL,1.00
190,52.393000000,0.0000000000,0.0000000000,21.262474,0.000000,0.000000021,1,NORMAL,1.00
191,52.553000000,0.0000000000,0.0000000000,21.374474,0.000000,0.000000021,1,NORMAL,1.00
192,52.713000000,0.0000000000,0.0000000000,21.486474,0.000000,0.000000021,1,NORMAL,1.00
193,52.873000000,0.0000000000,0.0000000000,21.598474,0.000000,0.000000022,1,NORMAL,1.00
194,53.033000000,0.0000000000,0.0000000000,21.710474,0.000000,0.000000022,1,NORMAL,1.00
195,53.193000000,0.0000000000,0.0000000000,21.822474,0.000000,0.000000022,1,NORMAL,1.00
196,53.353000000,0.0000000000,0.0000000000,21.934474,0.000000,0.000000022,1,NORMAL,1.00
197,53.513000000,0.0000000000,0.0000000000,22.046474,0.000000,0.000000022,1,NORMAL,1.00
198,53.673000000,0.0000000000,0.0000000000,22.158474,0.000000,0.000000022,1,NORMAL,1.00
199,53.833000000,0.0000000000,0.0000000000,22.270474,0.000000,0.000000022,1,NORMAL,1.00
200,53.993000000,0.0000000000,0.0000000000,22.382474,0.000000,0.000000022,1,NORMAL,1.00
201,54.153000000,0.0000000000,0.0000000000,22.494474,0.000000,0.000000022,1,NORMAL,1.00
202,54.313000000,0.0000000000,0.0000000000,22.606474,0.000000,0.000000023,1,NORMAL,1.00
203,54.473000000,0.0000000000,0.0000000000,22.718474,0.000000,0.000000023,1,NORMAL,1.00
204,54.633000000,0.0000000000,0.0000000000,22.830474,0.000000,0.000000023,1,NORMAL,1.00
205,54.793000000,0.0000000000,0.0000000000,22.942474,0.000000,0.000000023,1,NORMAL,1.00
206,54.953000000,0.0000000000,0.0000000000,23.054474,0.000000,0.000000023,1,NORMAL,1.00
207,55.113000000,0.0000000000,0.0000000000,23.166474,0.000000,0.000000023,1,NORMAL,1.00
208,55.273000000,0.0000000000,0.0000000000,23.278474,0.000000,0.000000023,1,NORMAL,1.00
209,55.433000000,0.0000000000,0.0000000000,23.390474,0.000000,0.000000023,1,NORMAL,1.00
210,55.593000000,0.0000000000,0.0000000000,23.502474,0.000000,0.000000024,1,NORMAL,1.00
211,55.753000000,0.0000000000,0.0000000000,23.614474,0.000000,0.000000024,1,NORMAL,1.00
212,55.913000000,0.0000000000,0.0000000000,23.726474,0.000000,0.000000024,1,NORMAL,1.00
213,56.073000000,0.0000000000,0.0000000000,23.838474,0.000000,0.000000024,1,NORMAL,1.00
214,56.233000000,0.0000000000,0.0000000000,23.950474,0.000000,0.000000024,1,NORMAL,1.00
215,56.393000000,0.0000000000,0.0000000000,24.062474,0.000000,0.000000024,1,NORMAL,1.00
